{"cameraMode":{"drawMode":0,"name":"Shaded","section":"Shading Mode"},"sceneLighting":false,"audioPlay":false,"sceneViewState":{"m_AlwaysRefresh":false,"showFog":true,"showSkybox":false,"showFlares":true,"showImageEffects":true,"showParticleSystems":true,"showVisualEffectGraphs":true,"m_FxEnabled":true},"in2DMode":false,"pivot":{"x":330.2756652832031,"y":-0.01068413257598877,"z":99.04251098632813},"rotation":{"x":0.004236497916281223,"y":-0.9950224161148071,"z":0.08709684014320374,"w":0.04840364679694176},"size":5.392605304718018,"orthographic":false}